year;month;VESSELS;DAYS;GT;fleet_segment
;seed;164;12;37;ALB_18_DTS_1224
2004;Jan;164;12;37;ALB_18_DTS_1224
2004;Feb;164;12;37;ALB_18_DTS_1224
2004;Mar;164;12;37;ALB_18_DTS_1224
2004;Apr;164;12;37;ALB_18_DTS_1224
2004;May;164;12;37;ALB_18_DTS_1224
2004;Jun;164;12;37;ALB_18_DTS_1224
2004;Jul;164;12;37;ALB_18_DTS_1224
2004;Aug;164;12;37;ALB_18_DTS_1224
2004;Sep;164;12;37;ALB_18_DTS_1224
2004;Oct;164;12;37;ALB_18_DTS_1224
2004;Nov;164;12;37;ALB_18_DTS_1224
2004;Dec;164;12;37;ALB_18_DTS_1224
2005;Jan;164;12;37;ALB_18_DTS_1224
2005;Feb;164;12;37;ALB_18_DTS_1224
2005;Mar;164;12;37;ALB_18_DTS_1224
2005;Apr;164;12;37;ALB_18_DTS_1224
2005;May;164;12;37;ALB_18_DTS_1224
2005;Jun;164;12;37;ALB_18_DTS_1224
2005;Jul;164;12;37;ALB_18_DTS_1224
2005;Aug;164;12;37;ALB_18_DTS_1224
2005;Sep;164;12;37;ALB_18_DTS_1224
2005;Oct;164;12;37;ALB_18_DTS_1224
2005;Nov;164;12;37;ALB_18_DTS_1224
2005;Dec;164;12;37;ALB_18_DTS_1224
2006;Jan;164;12;37;ALB_18_DTS_1224
2006;Feb;164;12;37;ALB_18_DTS_1224
2006;Mar;164;12;37;ALB_18_DTS_1224
2006;Apr;164;12;37;ALB_18_DTS_1224
2006;May;164;12;37;ALB_18_DTS_1224
2006;Jun;164;12;37;ALB_18_DTS_1224
2006;Jul;164;12;37;ALB_18_DTS_1224
2006;Aug;164;12;37;ALB_18_DTS_1224
2006;Sep;164;12;37;ALB_18_DTS_1224
2006;Oct;164;12;37;ALB_18_DTS_1224
2006;Nov;164;12;37;ALB_18_DTS_1224
2006;Dec;164;12;37;ALB_18_DTS_1224
2007;Jan;164;12;37;ALB_18_DTS_1224
2007;Feb;164;12;37;ALB_18_DTS_1224
2007;Mar;164;12;37;ALB_18_DTS_1224
2007;Apr;164;12;37;ALB_18_DTS_1224
2007;May;164;12;37;ALB_18_DTS_1224
2007;Jun;164;12;37;ALB_18_DTS_1224
2007;Jul;164;12;37;ALB_18_DTS_1224
2007;Aug;164;12;37;ALB_18_DTS_1224
2007;Sep;164;12;37;ALB_18_DTS_1224
2007;Oct;164;12;37;ALB_18_DTS_1224
2007;Nov;164;12;37;ALB_18_DTS_1224
2007;Dec;164;12;37;ALB_18_DTS_1224
2008;Jan;164;12;37;ALB_18_DTS_1224
2008;Feb;164;12;37;ALB_18_DTS_1224
2008;Mar;164;12;37;ALB_18_DTS_1224
2008;Apr;164;12;37;ALB_18_DTS_1224
2008;May;164;12;37;ALB_18_DTS_1224
2008;Jun;164;12;37;ALB_18_DTS_1224
2008;Jul;164;12;37;ALB_18_DTS_1224
2008;Aug;164;12;37;ALB_18_DTS_1224
2008;Sep;164;12;37;ALB_18_DTS_1224
2008;Oct;164;12;37;ALB_18_DTS_1224
2008;Nov;164;12;37;ALB_18_DTS_1224
2008;Dec;164;12;37;ALB_18_DTS_1224
2009;Jan;164;12;37;ALB_18_DTS_1224
2009;Feb;164;12;37;ALB_18_DTS_1224
2009;Mar;164;12;37;ALB_18_DTS_1224
2009;Apr;164;12;37;ALB_18_DTS_1224
2009;May;164;12;37;ALB_18_DTS_1224
2009;Jun;164;12;37;ALB_18_DTS_1224
2009;Jul;164;12;37;ALB_18_DTS_1224
2009;Aug;164;12;37;ALB_18_DTS_1224
2009;Sep;164;12;37;ALB_18_DTS_1224
2009;Oct;164;12;37;ALB_18_DTS_1224
2009;Nov;164;12;37;ALB_18_DTS_1224
2009;Dec;164;12;37;ALB_18_DTS_1224
2010;Jan;164;12;37;ALB_18_DTS_1224
2010;Feb;164;12;37;ALB_18_DTS_1224
2010;Mar;164;12;37;ALB_18_DTS_1224
2010;Apr;164;12;37;ALB_18_DTS_1224
2010;May;164;12;37;ALB_18_DTS_1224
2010;Jun;164;12;37;ALB_18_DTS_1224
2010;Jul;164;12;37;ALB_18_DTS_1224
2010;Aug;164;12;37;ALB_18_DTS_1224
2010;Sep;164;12;37;ALB_18_DTS_1224
2010;Oct;164;12;37;ALB_18_DTS_1224
2010;Nov;164;12;37;ALB_18_DTS_1224
2010;Dec;164;12;37;ALB_18_DTS_1224
2011;Jan;164;12;37;ALB_18_DTS_1224
2011;Feb;164;12;37;ALB_18_DTS_1224
2011;Mar;164;12;37;ALB_18_DTS_1224
2011;Apr;164;12;37;ALB_18_DTS_1224
2011;May;164;12;37;ALB_18_DTS_1224
2011;Jun;164;12;37;ALB_18_DTS_1224
2011;Jul;164;12;37;ALB_18_DTS_1224
2011;Aug;164;12;37;ALB_18_DTS_1224
2011;Sep;164;12;37;ALB_18_DTS_1224
2011;Oct;164;12;37;ALB_18_DTS_1224
2011;Nov;164;12;37;ALB_18_DTS_1224
2011;Dec;164;12;37;ALB_18_DTS_1224
2012;Jan;164;12;37;ALB_18_DTS_1224
2012;Feb;164;12;37;ALB_18_DTS_1224
2012;Mar;164;12;37;ALB_18_DTS_1224
2012;Apr;164;12;37;ALB_18_DTS_1224
2012;May;164;12;37;ALB_18_DTS_1224
2012;Jun;164;12;37;ALB_18_DTS_1224
2012;Jul;164;12;37;ALB_18_DTS_1224
2012;Aug;164;12;37;ALB_18_DTS_1224
2012;Sep;164;12;37;ALB_18_DTS_1224
2012;Oct;164;12;37;ALB_18_DTS_1224
2012;Nov;164;12;37;ALB_18_DTS_1224
2012;Dec;164;12;37;ALB_18_DTS_1224
2013;Jan;164;12;37;ALB_18_DTS_1224
2013;Feb;164;12;37;ALB_18_DTS_1224
2013;Mar;164;12;37;ALB_18_DTS_1224
2013;Apr;164;12;37;ALB_18_DTS_1224
2013;May;164;12;37;ALB_18_DTS_1224
2013;Jun;164;12;37;ALB_18_DTS_1224
2013;Jul;164;12;37;ALB_18_DTS_1224
2013;Aug;164;12;37;ALB_18_DTS_1224
2013;Sep;164;12;37;ALB_18_DTS_1224
2013;Oct;164;12;37;ALB_18_DTS_1224
2013;Nov;164;12;37;ALB_18_DTS_1224
2013;Dec;164;12;37;ALB_18_DTS_1224
2014;Jan;164;12;37;ALB_18_DTS_1224
2014;Feb;164;12;37;ALB_18_DTS_1224
2014;Mar;164;12;37;ALB_18_DTS_1224
2014;Apr;164;12;37;ALB_18_DTS_1224
2014;May;164;12;37;ALB_18_DTS_1224
2014;Jun;164;12;37;ALB_18_DTS_1224
2014;Jul;164;12;37;ALB_18_DTS_1224
2014;Aug;164;12;37;ALB_18_DTS_1224
2014;Sep;164;12;37;ALB_18_DTS_1224
2014;Oct;164;12;37;ALB_18_DTS_1224
2014;Nov;164;12;37;ALB_18_DTS_1224
2014;Dec;164;12;37;ALB_18_DTS_1224
2015;Jan;164;12;37;ALB_18_DTS_1224
2015;Feb;164;12;37;ALB_18_DTS_1224
2015;Mar;164;12;37;ALB_18_DTS_1224
2015;Apr;164;12;37;ALB_18_DTS_1224
2015;May;164;12;37;ALB_18_DTS_1224
2015;Jun;164;12;37;ALB_18_DTS_1224
2015;Jul;164;12;37;ALB_18_DTS_1224
2015;Aug;164;12;37;ALB_18_DTS_1224
2015;Sep;164;12;37;ALB_18_DTS_1224
2015;Oct;164;12;37;ALB_18_DTS_1224
2015;Nov;164;12;37;ALB_18_DTS_1224
2015;Dec;164;12;37;ALB_18_DTS_1224
2016;Jan;164;12;37;ALB_18_DTS_1224
2016;Feb;164;12;37;ALB_18_DTS_1224
2016;Mar;164;12;37;ALB_18_DTS_1224
2016;Apr;164;12;37;ALB_18_DTS_1224
2016;May;164;12;37;ALB_18_DTS_1224
2016;Jun;164;12;37;ALB_18_DTS_1224
2016;Jul;164;12;37;ALB_18_DTS_1224
2016;Aug;164;12;37;ALB_18_DTS_1224
2016;Sep;164;12;37;ALB_18_DTS_1224
2016;Oct;164;12;37;ALB_18_DTS_1224
2016;Nov;164;12;37;ALB_18_DTS_1224
2016;Dec;164;12;37;ALB_18_DTS_1224
2017;Jan;164;12;37;ALB_18_DTS_1224
2017;Feb;164;12;37;ALB_18_DTS_1224
2017;Mar;164;12;37;ALB_18_DTS_1224
2017;Apr;164;12;37;ALB_18_DTS_1224
2017;May;164;12;37;ALB_18_DTS_1224
2017;Jun;164;12;37;ALB_18_DTS_1224
2017;Jul;164;12;37;ALB_18_DTS_1224
2017;Aug;164;12;37;ALB_18_DTS_1224
2017;Sep;164;12;37;ALB_18_DTS_1224
2017;Oct;164;12;37;ALB_18_DTS_1224
2017;Nov;164;12;37;ALB_18_DTS_1224
2017;Dec;164;12;37;ALB_18_DTS_1224
2018;Jan;170;11.57647059;37;ALB_18_DTS_1224
2018;Feb;170;11.57647059;37;ALB_18_DTS_1224
2018;Mar;170;11.57647059;37;ALB_18_DTS_1224
2018;Apr;170;11.57647059;37;ALB_18_DTS_1224
2018;May;170;11.57647059;37;ALB_18_DTS_1224
2018;Jun;170;11.57647059;37;ALB_18_DTS_1224
2018;Jul;170;11.57647059;37;ALB_18_DTS_1224
2018;Aug;170;11.57647059;37;ALB_18_DTS_1224
2018;Sep;170;11.57647059;37;ALB_18_DTS_1224
2018;Oct;170;11.57647059;37;ALB_18_DTS_1224
2018;Nov;170;11.57647059;37;ALB_18_DTS_1224
2018;Dec;170;11.57647059;37;ALB_18_DTS_1224
2019;Jan;180;10.93333333;37;ALB_18_DTS_1224
2019;Feb;180;10.93333333;37;ALB_18_DTS_1224
2019;Mar;180;10.93333333;37;ALB_18_DTS_1224
2019;Apr;180;10.93333333;37;ALB_18_DTS_1224
2019;May;180;10.93333333;37;ALB_18_DTS_1224
2019;Jun;180;10.93333333;37;ALB_18_DTS_1224
2019;Jul;180;10.93333333;37;ALB_18_DTS_1224
2019;Aug;180;10.93333333;37;ALB_18_DTS_1224
2019;Sep;180;10.93333333;37;ALB_18_DTS_1224
2019;Oct;180;10.93333333;37;ALB_18_DTS_1224
2019;Nov;180;10.93333333;37;ALB_18_DTS_1224
2019;Dec;180;10.93333333;37;ALB_18_DTS_1224
2020;Jan;191;10.08900524;37;ALB_18_DTS_1224
2020;Feb;191;10.08900524;37;ALB_18_DTS_1224
2020;Mar;191;10.08900524;37;ALB_18_DTS_1224
2020;Apr;191;10.08900524;37;ALB_18_DTS_1224
2020;May;191;10.08900524;37;ALB_18_DTS_1224
2020;Jun;191;10.08900524;37;ALB_18_DTS_1224
2020;Jul;191;10.08900524;37;ALB_18_DTS_1224
2020;Aug;191;10.08900524;37;ALB_18_DTS_1224
2020;Sep;191;10.08900524;37;ALB_18_DTS_1224
2020;Oct;191;10.08900524;37;ALB_18_DTS_1224
2020;Nov;191;10.08900524;37;ALB_18_DTS_1224
2020;Dec;191;10.08900524;37;ALB_18_DTS_1224
2021;Jan;194;9.771477663;37;ALB_18_DTS_1224
2021;Feb;194;9.771477663;37;ALB_18_DTS_1224
2021;Mar;194;9.771477663;37;ALB_18_DTS_1224
2021;Apr;194;9.771477663;37;ALB_18_DTS_1224
2021;May;194;9.771477663;37;ALB_18_DTS_1224
2021;Jun;194;9.771477663;37;ALB_18_DTS_1224
2021;Jul;194;9.771477663;37;ALB_18_DTS_1224
2021;Aug;194;9.771477663;37;ALB_18_DTS_1224
2021;Sep;194;9.771477663;37;ALB_18_DTS_1224
2021;Oct;194;9.771477663;37;ALB_18_DTS_1224
2021;Nov;194;9.771477663;37;ALB_18_DTS_1224
2021;Dec;194;9.771477663;37;ALB_18_DTS_1224
2022;Jan;196;9.400085034;37;ALB_18_DTS_1224
2022;Feb;196;9.400085034;37;ALB_18_DTS_1224
2022;Mar;196;9.400085034;37;ALB_18_DTS_1224
2022;Apr;196;9.400085034;37;ALB_18_DTS_1224
2022;May;196;9.400085034;37;ALB_18_DTS_1224
2022;Jun;196;9.400085034;37;ALB_18_DTS_1224
2022;Jul;196;9.400085034;37;ALB_18_DTS_1224
2022;Aug;196;9.400085034;37;ALB_18_DTS_1224
2022;Sep;196;9.400085034;37;ALB_18_DTS_1224
2022;Oct;196;9.400085034;37;ALB_18_DTS_1224
2022;Nov;196;9.400085034;37;ALB_18_DTS_1224
2022;Dec;196;9.400085034;37;ALB_18_DTS_1224
2023;Jan;196;9.400085034;37;ALB_18_DTS_1224
2023;Feb;196;9.400085034;37;ALB_18_DTS_1224
2023;Mar;196;9.400085034;37;ALB_18_DTS_1224
2023;Apr;196;9.400085034;37;ALB_18_DTS_1224
2023;May;196;9.400085034;37;ALB_18_DTS_1224
2023;Jun;196;9.400085034;37;ALB_18_DTS_1224
2023;Jul;196;9.400085034;37;ALB_18_DTS_1224
2023;Aug;196;9.400085034;37;ALB_18_DTS_1224
2023;Sep;196;9.400085034;37;ALB_18_DTS_1224
2023;Oct;196;9.400085034;37;ALB_18_DTS_1224
2023;Nov;196;9.400085034;37;ALB_18_DTS_1224
2023;Dec;196;9.400085034;37;ALB_18_DTS_1224
2024;Jan;196;9.400085034;37;ALB_18_DTS_1224
2024;Feb;196;9.400085034;37;ALB_18_DTS_1224
2024;Mar;196;9.400085034;37;ALB_18_DTS_1224
2024;Apr;196;9.400085034;37;ALB_18_DTS_1224
2024;May;196;9.400085034;37;ALB_18_DTS_1224
2024;Jun;196;9.400085034;37;ALB_18_DTS_1224
2024;Jul;196;9.400085034;37;ALB_18_DTS_1224
2024;Aug;196;9.400085034;37;ALB_18_DTS_1224
2024;Sep;196;9.400085034;37;ALB_18_DTS_1224
2024;Oct;196;9.400085034;37;ALB_18_DTS_1224
2024;Nov;196;9.400085034;37;ALB_18_DTS_1224
2024;Dec;196;9.400085034;37;ALB_18_DTS_1224
;seed;1043.692308;5.59551754;2.904581546;HRV_17_DFN_0612
2004;Jan;1043.692308;5.59551754;2.904581546;HRV_17_DFN_0612
2004;Feb;1043.692308;5.59551754;2.904581546;HRV_17_DFN_0612
2004;Mar;1043.692308;5.59551754;2.904581546;HRV_17_DFN_0612
2004;Apr;1043.692308;5.59551754;2.904581546;HRV_17_DFN_0612
2004;May;1043.692308;5.59551754;2.904581546;HRV_17_DFN_0612
2004;Jun;1043.692308;5.59551754;2.904581546;HRV_17_DFN_0612
2004;Jul;1043.692308;5.59551754;2.904581546;HRV_17_DFN_0612
2004;Aug;1043.692308;5.59551754;2.904581546;HRV_17_DFN_0612
2004;Sep;1043.692308;5.59551754;2.904581546;HRV_17_DFN_0612
2004;Oct;1043.692308;5.59551754;2.904581546;HRV_17_DFN_0612
2004;Nov;1043.692308;5.59551754;2.904581546;HRV_17_DFN_0612
2004;Dec;1043.692308;5.59551754;2.904581546;HRV_17_DFN_0612
2005;Jan;1043.692308;5.59551754;2.904581546;HRV_17_DFN_0612
2005;Feb;1043.692308;5.59551754;2.904581546;HRV_17_DFN_0612
2005;Mar;1043.692308;5.59551754;2.904581546;HRV_17_DFN_0612
2005;Apr;1043.692308;5.59551754;2.904581546;HRV_17_DFN_0612
2005;May;1043.692308;5.59551754;2.904581546;HRV_17_DFN_0612
2005;Jun;1043.692308;5.59551754;2.904581546;HRV_17_DFN_0612
2005;Jul;1043.692308;5.59551754;2.904581546;HRV_17_DFN_0612
2005;Aug;1043.692308;5.59551754;2.904581546;HRV_17_DFN_0612
2005;Sep;1043.692308;5.59551754;2.904581546;HRV_17_DFN_0612
2005;Oct;1043.692308;5.59551754;2.904581546;HRV_17_DFN_0612
2005;Nov;1043.692308;5.59551754;2.904581546;HRV_17_DFN_0612
2005;Dec;1043.692308;5.59551754;2.904581546;HRV_17_DFN_0612
2006;Jan;1043.692308;5.59551754;2.904581546;HRV_17_DFN_0612
2006;Feb;1043.692308;5.59551754;2.904581546;HRV_17_DFN_0612
2006;Mar;1043.692308;5.59551754;2.904581546;HRV_17_DFN_0612
2006;Apr;1043.692308;5.59551754;2.904581546;HRV_17_DFN_0612
2006;May;1043.692308;5.59551754;2.904581546;HRV_17_DFN_0612
2006;Jun;1043.692308;5.59551754;2.904581546;HRV_17_DFN_0612
2006;Jul;1043.692308;5.59551754;2.904581546;HRV_17_DFN_0612
2006;Aug;1043.692308;5.59551754;2.904581546;HRV_17_DFN_0612
2006;Sep;1043.692308;5.59551754;2.904581546;HRV_17_DFN_0612
2006;Oct;1043.692308;5.59551754;2.904581546;HRV_17_DFN_0612
2006;Nov;1043.692308;5.59551754;2.904581546;HRV_17_DFN_0612
2006;Dec;1043.692308;5.59551754;2.904581546;HRV_17_DFN_0612
2007;Jan;1043.692308;5.59551754;2.904581546;HRV_17_DFN_0612
2007;Feb;1043.692308;5.59551754;2.904581546;HRV_17_DFN_0612
2007;Mar;1043.692308;5.59551754;2.904581546;HRV_17_DFN_0612
2007;Apr;1043.692308;5.59551754;2.904581546;HRV_17_DFN_0612
2007;May;1043.692308;5.59551754;2.904581546;HRV_17_DFN_0612
2007;Jun;1043.692308;5.59551754;2.904581546;HRV_17_DFN_0612
2007;Jul;1043.692308;5.59551754;2.904581546;HRV_17_DFN_0612
2007;Aug;1043.692308;5.59551754;2.904581546;HRV_17_DFN_0612
2007;Sep;1043.692308;5.59551754;2.904581546;HRV_17_DFN_0612
2007;Oct;1043.692308;5.59551754;2.904581546;HRV_17_DFN_0612
2007;Nov;1043.692308;5.59551754;2.904581546;HRV_17_DFN_0612
2007;Dec;1043.692308;5.59551754;2.904581546;HRV_17_DFN_0612
2008;Jan;1043.692308;5.59551754;2.904581546;HRV_17_DFN_0612
2008;Feb;1043.692308;5.59551754;2.904581546;HRV_17_DFN_0612
2008;Mar;1043.692308;5.59551754;2.904581546;HRV_17_DFN_0612
2008;Apr;1043.692308;5.59551754;2.904581546;HRV_17_DFN_0612
2008;May;1043.692308;5.59551754;2.904581546;HRV_17_DFN_0612
2008;Jun;1043.692308;5.59551754;2.904581546;HRV_17_DFN_0612
2008;Jul;1043.692308;5.59551754;2.904581546;HRV_17_DFN_0612
2008;Aug;1043.692308;5.59551754;2.904581546;HRV_17_DFN_0612
2008;Sep;1043.692308;5.59551754;2.904581546;HRV_17_DFN_0612
2008;Oct;1043.692308;5.59551754;2.904581546;HRV_17_DFN_0612
2008;Nov;1043.692308;5.59551754;2.904581546;HRV_17_DFN_0612
2008;Dec;1043.692308;5.59551754;2.904581546;HRV_17_DFN_0612
2009;Jan;1043.692308;5.59551754;2.904581546;HRV_17_DFN_0612
2009;Feb;1043.692308;5.59551754;2.904581546;HRV_17_DFN_0612
2009;Mar;1043.692308;5.59551754;2.904581546;HRV_17_DFN_0612
2009;Apr;1043.692308;5.59551754;2.904581546;HRV_17_DFN_0612
2009;May;1043.692308;5.59551754;2.904581546;HRV_17_DFN_0612
2009;Jun;1043.692308;5.59551754;2.904581546;HRV_17_DFN_0612
2009;Jul;1043.692308;5.59551754;2.904581546;HRV_17_DFN_0612
2009;Aug;1043.692308;5.59551754;2.904581546;HRV_17_DFN_0612
2009;Sep;1043.692308;5.59551754;2.904581546;HRV_17_DFN_0612
2009;Oct;1043.692308;5.59551754;2.904581546;HRV_17_DFN_0612
2009;Nov;1043.692308;5.59551754;2.904581546;HRV_17_DFN_0612
2009;Dec;1043.692308;5.59551754;2.904581546;HRV_17_DFN_0612
2010;Jan;1043.692308;5.59551754;2.904581546;HRV_17_DFN_0612
2010;Feb;1043.692308;5.59551754;2.904581546;HRV_17_DFN_0612
2010;Mar;1043.692308;5.59551754;2.904581546;HRV_17_DFN_0612
2010;Apr;1043.692308;5.59551754;2.904581546;HRV_17_DFN_0612
2010;May;1043.692308;5.59551754;2.904581546;HRV_17_DFN_0612
2010;Jun;1043.692308;5.59551754;2.904581546;HRV_17_DFN_0612
2010;Jul;1043.692308;5.59551754;2.904581546;HRV_17_DFN_0612
2010;Aug;1043.692308;5.59551754;2.904581546;HRV_17_DFN_0612
2010;Sep;1043.692308;5.59551754;2.904581546;HRV_17_DFN_0612
2010;Oct;1043.692308;5.59551754;2.904581546;HRV_17_DFN_0612
2010;Nov;1043.692308;5.59551754;2.904581546;HRV_17_DFN_0612
2010;Dec;1043.692308;5.59551754;2.904581546;HRV_17_DFN_0612
2011;Jan;1043.692308;5.59551754;2.904581546;HRV_17_DFN_0612
2011;Feb;1043.692308;5.59551754;2.904581546;HRV_17_DFN_0612
2011;Mar;1043.692308;5.59551754;2.904581546;HRV_17_DFN_0612
2011;Apr;1043.692308;5.59551754;2.904581546;HRV_17_DFN_0612
2011;May;1043.692308;5.59551754;2.904581546;HRV_17_DFN_0612
2011;Jun;1043.692308;5.59551754;2.904581546;HRV_17_DFN_0612
2011;Jul;1043.692308;5.59551754;2.904581546;HRV_17_DFN_0612
2011;Aug;1043.692308;5.59551754;2.904581546;HRV_17_DFN_0612
2011;Sep;1043.692308;5.59551754;2.904581546;HRV_17_DFN_0612
2011;Oct;1043.692308;5.59551754;2.904581546;HRV_17_DFN_0612
2011;Nov;1043.692308;5.59551754;2.904581546;HRV_17_DFN_0612
2011;Dec;1043.692308;5.59551754;2.904581546;HRV_17_DFN_0612
2012;Jan;1113;5.618224019;3.1768823;HRV_17_DFN_0612
2012;Feb;1113;5.618224019;3.1768823;HRV_17_DFN_0612
2012;Mar;1113;5.618224019;3.1768823;HRV_17_DFN_0612
2012;Apr;1113;5.618224019;3.1768823;HRV_17_DFN_0612
2012;May;1113;5.618224019;3.1768823;HRV_17_DFN_0612
2012;Jun;1113;5.618224019;3.1768823;HRV_17_DFN_0612
2012;Jul;1113;5.618224019;3.1768823;HRV_17_DFN_0612
2012;Aug;1113;5.618224019;3.1768823;HRV_17_DFN_0612
2012;Sep;1113;5.618224019;3.1768823;HRV_17_DFN_0612
2012;Oct;1113;5.618224019;3.1768823;HRV_17_DFN_0612
2012;Nov;1113;5.618224019;3.1768823;HRV_17_DFN_0612
2012;Dec;1113;5.618224019;3.1768823;HRV_17_DFN_0612
2013;Jan;1085;5.57281106;3.019050691;HRV_17_DFN_0612
2013;Feb;1085;5.57281106;3.019050691;HRV_17_DFN_0612
2013;Mar;1085;5.57281106;3.019050691;HRV_17_DFN_0612
2013;Apr;1085;5.57281106;3.019050691;HRV_17_DFN_0612
2013;May;1085;5.57281106;3.019050691;HRV_17_DFN_0612
2013;Jun;1085;5.57281106;3.019050691;HRV_17_DFN_0612
2013;Jul;1085;5.57281106;3.019050691;HRV_17_DFN_0612
2013;Aug;1085;5.57281106;3.019050691;HRV_17_DFN_0612
2013;Sep;1085;5.57281106;3.019050691;HRV_17_DFN_0612
2013;Oct;1085;5.57281106;3.019050691;HRV_17_DFN_0612
2013;Nov;1085;5.57281106;3.019050691;HRV_17_DFN_0612
2013;Dec;1085;5.57281106;3.019050691;HRV_17_DFN_0612
2014;Jan;1033;5.887221684;3.008877057;HRV_17_DFN_0612
2014;Feb;1033;5.887221684;3.008877057;HRV_17_DFN_0612
2014;Mar;1033;5.887221684;3.008877057;HRV_17_DFN_0612
2014;Apr;1033;5.887221684;3.008877057;HRV_17_DFN_0612
2014;May;1033;5.887221684;3.008877057;HRV_17_DFN_0612
2014;Jun;1033;5.887221684;3.008877057;HRV_17_DFN_0612
2014;Jul;1033;5.887221684;3.008877057;HRV_17_DFN_0612
2014;Aug;1033;5.887221684;3.008877057;HRV_17_DFN_0612
2014;Sep;1033;5.887221684;3.008877057;HRV_17_DFN_0612
2014;Oct;1033;5.887221684;3.008877057;HRV_17_DFN_0612
2014;Nov;1033;5.887221684;3.008877057;HRV_17_DFN_0612
2014;Dec;1033;5.887221684;3.008877057;HRV_17_DFN_0612
2015;Jan;1062;5.842278719;2.935630885;HRV_17_DFN_0612
2015;Feb;1062;5.842278719;2.935630885;HRV_17_DFN_0612
2015;Mar;1062;5.842278719;2.935630885;HRV_17_DFN_0612
2015;Apr;1062;5.842278719;2.935630885;HRV_17_DFN_0612
2015;May;1062;5.842278719;2.935630885;HRV_17_DFN_0612
2015;Jun;1062;5.842278719;2.935630885;HRV_17_DFN_0612
2015;Jul;1062;5.842278719;2.935630885;HRV_17_DFN_0612
2015;Aug;1062;5.842278719;2.935630885;HRV_17_DFN_0612
2015;Sep;1062;5.842278719;2.935630885;HRV_17_DFN_0612
2015;Oct;1062;5.842278719;2.935630885;HRV_17_DFN_0612
2015;Nov;1062;5.842278719;2.935630885;HRV_17_DFN_0612
2015;Dec;1062;5.842278719;2.935630885;HRV_17_DFN_0612
2016;Jan;1007;5.549900695;2.890278054;HRV_17_DFN_0612
2016;Feb;1007;5.549900695;2.890278054;HRV_17_DFN_0612
2016;Mar;1007;5.549900695;2.890278054;HRV_17_DFN_0612
2016;Apr;1007;5.549900695;2.890278054;HRV_17_DFN_0612
2016;May;1007;5.549900695;2.890278054;HRV_17_DFN_0612
2016;Jun;1007;5.549900695;2.890278054;HRV_17_DFN_0612
2016;Jul;1007;5.549900695;2.890278054;HRV_17_DFN_0612
2016;Aug;1007;5.549900695;2.890278054;HRV_17_DFN_0612
2016;Sep;1007;5.549900695;2.890278054;HRV_17_DFN_0612
2016;Oct;1007;5.549900695;2.890278054;HRV_17_DFN_0612
2016;Nov;1007;5.549900695;2.890278054;HRV_17_DFN_0612
2016;Dec;1007;5.549900695;2.890278054;HRV_17_DFN_0612
2017;Jan;997;5.909645603;2.950200602;HRV_17_DFN_0612
2017;Feb;997;5.909645603;2.950200602;HRV_17_DFN_0612
2017;Mar;997;5.909645603;2.950200602;HRV_17_DFN_0612
2017;Apr;997;5.909645603;2.950200602;HRV_17_DFN_0612
2017;May;997;5.909645603;2.950200602;HRV_17_DFN_0612
2017;Jun;997;5.909645603;2.950200602;HRV_17_DFN_0612
2017;Jul;997;5.909645603;2.950200602;HRV_17_DFN_0612
2017;Aug;997;5.909645603;2.950200602;HRV_17_DFN_0612
2017;Sep;997;5.909645603;2.950200602;HRV_17_DFN_0612
2017;Oct;997;5.909645603;2.950200602;HRV_17_DFN_0612
2017;Nov;997;5.909645603;2.950200602;HRV_17_DFN_0612
2017;Dec;997;5.909645603;2.950200602;HRV_17_DFN_0612
2018;Jan;1008;6.558118386;2.972757937;HRV_17_DFN_0612
2018;Feb;1008;6.558118386;2.972757937;HRV_17_DFN_0612
2018;Mar;1008;6.558118386;2.972757937;HRV_17_DFN_0612
2018;Apr;1008;6.558118386;2.972757937;HRV_17_DFN_0612
2018;May;1008;6.558118386;2.972757937;HRV_17_DFN_0612
2018;Jun;1008;6.558118386;2.972757937;HRV_17_DFN_0612
2018;Jul;1008;6.558118386;2.972757937;HRV_17_DFN_0612
2018;Aug;1008;6.558118386;2.972757937;HRV_17_DFN_0612
2018;Sep;1008;6.558118386;2.972757937;HRV_17_DFN_0612
2018;Oct;1008;6.558118386;2.972757937;HRV_17_DFN_0612
2018;Nov;1008;6.558118386;2.972757937;HRV_17_DFN_0612
2018;Dec;1008;6.558118386;2.972757937;HRV_17_DFN_0612
2019;Jan;1035;7.100563607;2.864270531;HRV_17_DFN_0612
2019;Feb;1035;7.100563607;2.864270531;HRV_17_DFN_0612
2019;Mar;1035;7.100563607;2.864270531;HRV_17_DFN_0612
2019;Apr;1035;7.100563607;2.864270531;HRV_17_DFN_0612
2019;May;1035;7.100563607;2.864270531;HRV_17_DFN_0612
2019;Jun;1035;7.100563607;2.864270531;HRV_17_DFN_0612
2019;Jul;1035;7.100563607;2.864270531;HRV_17_DFN_0612
2019;Aug;1035;7.100563607;2.864270531;HRV_17_DFN_0612
2019;Sep;1035;7.100563607;2.864270531;HRV_17_DFN_0612
2019;Oct;1035;7.100563607;2.864270531;HRV_17_DFN_0612
2019;Nov;1035;7.100563607;2.864270531;HRV_17_DFN_0612
2019;Dec;1035;7.100563607;2.864270531;HRV_17_DFN_0612
2020;Jan;1037;7.584940534;2.886219865;HRV_17_DFN_0612
2020;Feb;1037;7.584940534;2.886219865;HRV_17_DFN_0612
2020;Mar;1037;7.584940534;2.886219865;HRV_17_DFN_0612
2020;Apr;1037;7.584940534;2.886219865;HRV_17_DFN_0612
2020;May;1037;7.584940534;2.886219865;HRV_17_DFN_0612
2020;Jun;1037;7.584940534;2.886219865;HRV_17_DFN_0612
2020;Jul;1037;7.584940534;2.886219865;HRV_17_DFN_0612
2020;Aug;1037;7.584940534;2.886219865;HRV_17_DFN_0612
2020;Sep;1037;7.584940534;2.886219865;HRV_17_DFN_0612
2020;Oct;1037;7.584940534;2.886219865;HRV_17_DFN_0612
2020;Nov;1037;7.584940534;2.886219865;HRV_17_DFN_0612
2020;Dec;1037;7.584940534;2.886219865;HRV_17_DFN_0612
2021;Jan;1042;7.698896353;2.854049904;HRV_17_DFN_0612
2021;Feb;1042;7.698896353;2.854049904;HRV_17_DFN_0612
2021;Mar;1042;7.698896353;2.854049904;HRV_17_DFN_0612
2021;Apr;1042;7.698896353;2.854049904;HRV_17_DFN_0612
2021;May;1042;7.698896353;2.854049904;HRV_17_DFN_0612
2021;Jun;1042;7.698896353;2.854049904;HRV_17_DFN_0612
2021;Jul;1042;7.698896353;2.854049904;HRV_17_DFN_0612
2021;Aug;1042;7.698896353;2.854049904;HRV_17_DFN_0612
2021;Sep;1042;7.698896353;2.854049904;HRV_17_DFN_0612
2021;Oct;1042;7.698896353;2.854049904;HRV_17_DFN_0612
2021;Nov;1042;7.698896353;2.854049904;HRV_17_DFN_0612
2021;Dec;1042;7.698896353;2.854049904;HRV_17_DFN_0612
2022;Jan;1057;8.145931883;2.781627247;HRV_17_DFN_0612
2022;Feb;1057;8.145931883;2.781627247;HRV_17_DFN_0612
2022;Mar;1057;8.145931883;2.781627247;HRV_17_DFN_0612
2022;Apr;1057;8.145931883;2.781627247;HRV_17_DFN_0612
2022;May;1057;8.145931883;2.781627247;HRV_17_DFN_0612
2022;Jun;1057;8.145931883;2.781627247;HRV_17_DFN_0612
2022;Jul;1057;8.145931883;2.781627247;HRV_17_DFN_0612
2022;Aug;1057;8.145931883;2.781627247;HRV_17_DFN_0612
2022;Sep;1057;8.145931883;2.781627247;HRV_17_DFN_0612
2022;Oct;1057;8.145931883;2.781627247;HRV_17_DFN_0612
2022;Nov;1057;8.145931883;2.781627247;HRV_17_DFN_0612
2022;Dec;1057;8.145931883;2.781627247;HRV_17_DFN_0612
2023;Jan;1044;8.202027458;2.750335249;HRV_17_DFN_0612
2023;Feb;1044;8.202027458;2.750335249;HRV_17_DFN_0612
2023;Mar;1044;8.202027458;2.750335249;HRV_17_DFN_0612
2023;Apr;1044;8.202027458;2.750335249;HRV_17_DFN_0612
2023;May;1044;8.202027458;2.750335249;HRV_17_DFN_0612
2023;Jun;1044;8.202027458;2.750335249;HRV_17_DFN_0612
2023;Jul;1044;8.202027458;2.750335249;HRV_17_DFN_0612
2023;Aug;1044;8.202027458;2.750335249;HRV_17_DFN_0612
2023;Sep;1044;8.202027458;2.750335249;HRV_17_DFN_0612
2023;Oct;1044;8.202027458;2.750335249;HRV_17_DFN_0612
2023;Nov;1044;8.202027458;2.750335249;HRV_17_DFN_0612
2023;Dec;1044;8.202027458;2.750335249;HRV_17_DFN_0612
2024;Jan;1048;8.534702324;2.669379771;HRV_17_DFN_0612
2024;Feb;1048;8.534702324;2.669379771;HRV_17_DFN_0612
2024;Mar;1048;8.534702324;2.669379771;HRV_17_DFN_0612
2024;Apr;1048;8.534702324;2.669379771;HRV_17_DFN_0612
2024;May;1048;8.534702324;2.669379771;HRV_17_DFN_0612
2024;Jun;1048;8.534702324;2.669379771;HRV_17_DFN_0612
2024;Jul;1048;8.534702324;2.669379771;HRV_17_DFN_0612
2024;Aug;1048;8.534702324;2.669379771;HRV_17_DFN_0612
2024;Sep;1048;8.534702324;2.669379771;HRV_17_DFN_0612
2024;Oct;1048;8.534702324;2.669379771;HRV_17_DFN_0612
2024;Nov;1048;8.534702324;2.669379771;HRV_17_DFN_0612
2024;Dec;1048;8.534702324;2.669379771;HRV_17_DFN_0612
;seed;376.979021;3.18669893;3.618276582;HRV_17_HOK_0018_NoJabuka
2004;Jan;376.979021;3.18669893;3.618276582;HRV_17_HOK_0018_NoJabuka
2004;Feb;376.979021;2.925841366;3.618276582;HRV_17_HOK_0018_NoJabuka
2004;Mar;376.979021;3.206911695;3.618276582;HRV_17_HOK_0018_NoJabuka
2004;Apr;376.979021;3.356098497;3.618276582;HRV_17_HOK_0018_NoJabuka
2004;May;376.979021;3.078702368;3.618276582;HRV_17_HOK_0018_NoJabuka
2004;Jun;376.979021;3.261564266;3.618276582;HRV_17_HOK_0018_NoJabuka
2004;Jul;376.979021;3.64732368;3.618276582;HRV_17_HOK_0018_NoJabuka
2004;Aug;376.979021;3.67410918;3.618276582;HRV_17_HOK_0018_NoJabuka
2004;Sep;376.979021;3.488726959;3.618276582;HRV_17_HOK_0018_NoJabuka
2004;Oct;376.979021;3.731905203;3.618276582;HRV_17_HOK_0018_NoJabuka
2004;Nov;376.979021;3.290069772;3.618276582;HRV_17_HOK_0018_NoJabuka
2004;Dec;376.979021;3.483554644;3.618276582;HRV_17_HOK_0018_NoJabuka
2005;Jan;376.979021;3.18669893;3.618276582;HRV_17_HOK_0018_NoJabuka
2005;Feb;376.979021;2.925841366;3.618276582;HRV_17_HOK_0018_NoJabuka
2005;Mar;376.979021;3.206911695;3.618276582;HRV_17_HOK_0018_NoJabuka
2005;Apr;376.979021;3.356098497;3.618276582;HRV_17_HOK_0018_NoJabuka
2005;May;376.979021;3.078702368;3.618276582;HRV_17_HOK_0018_NoJabuka
2005;Jun;376.979021;3.261564266;3.618276582;HRV_17_HOK_0018_NoJabuka
2005;Jul;376.979021;3.64732368;3.618276582;HRV_17_HOK_0018_NoJabuka
2005;Aug;376.979021;3.67410918;3.618276582;HRV_17_HOK_0018_NoJabuka
2005;Sep;376.979021;3.488726959;3.618276582;HRV_17_HOK_0018_NoJabuka
2005;Oct;376.979021;3.731905203;3.618276582;HRV_17_HOK_0018_NoJabuka
2005;Nov;376.979021;3.290069772;3.618276582;HRV_17_HOK_0018_NoJabuka
2005;Dec;376.979021;3.483554644;3.618276582;HRV_17_HOK_0018_NoJabuka
2006;Jan;376.979021;3.18669893;3.618276582;HRV_17_HOK_0018_NoJabuka
2006;Feb;376.979021;2.925841366;3.618276582;HRV_17_HOK_0018_NoJabuka
2006;Mar;376.979021;3.206911695;3.618276582;HRV_17_HOK_0018_NoJabuka
2006;Apr;376.979021;3.356098497;3.618276582;HRV_17_HOK_0018_NoJabuka
2006;May;376.979021;3.078702368;3.618276582;HRV_17_HOK_0018_NoJabuka
2006;Jun;376.979021;3.261564266;3.618276582;HRV_17_HOK_0018_NoJabuka
2006;Jul;376.979021;3.64732368;3.618276582;HRV_17_HOK_0018_NoJabuka
2006;Aug;376.979021;3.67410918;3.618276582;HRV_17_HOK_0018_NoJabuka
2006;Sep;376.979021;3.488726959;3.618276582;HRV_17_HOK_0018_NoJabuka
2006;Oct;376.979021;3.731905203;3.618276582;HRV_17_HOK_0018_NoJabuka
2006;Nov;376.979021;3.290069772;3.618276582;HRV_17_HOK_0018_NoJabuka
2006;Dec;376.979021;3.483554644;3.618276582;HRV_17_HOK_0018_NoJabuka
2007;Jan;376.979021;3.18669893;3.618276582;HRV_17_HOK_0018_NoJabuka
2007;Feb;376.979021;2.925841366;3.618276582;HRV_17_HOK_0018_NoJabuka
2007;Mar;376.979021;3.206911695;3.618276582;HRV_17_HOK_0018_NoJabuka
2007;Apr;376.979021;3.356098497;3.618276582;HRV_17_HOK_0018_NoJabuka
2007;May;376.979021;3.078702368;3.618276582;HRV_17_HOK_0018_NoJabuka
2007;Jun;376.979021;3.261564266;3.618276582;HRV_17_HOK_0018_NoJabuka
2007;Jul;376.979021;3.64732368;3.618276582;HRV_17_HOK_0018_NoJabuka
2007;Aug;376.979021;3.67410918;3.618276582;HRV_17_HOK_0018_NoJabuka
2007;Sep;376.979021;3.488726959;3.618276582;HRV_17_HOK_0018_NoJabuka
2007;Oct;376.979021;3.731905203;3.618276582;HRV_17_HOK_0018_NoJabuka
2007;Nov;376.979021;3.290069772;3.618276582;HRV_17_HOK_0018_NoJabuka
2007;Dec;376.979021;3.483554644;3.618276582;HRV_17_HOK_0018_NoJabuka
2008;Jan;376.979021;3.18669893;3.618276582;HRV_17_HOK_0018_NoJabuka
2008;Feb;376.979021;2.925841366;3.618276582;HRV_17_HOK_0018_NoJabuka
2008;Mar;376.979021;3.206911695;3.618276582;HRV_17_HOK_0018_NoJabuka
2008;Apr;376.979021;3.356098497;3.618276582;HRV_17_HOK_0018_NoJabuka
2008;May;376.979021;3.078702368;3.618276582;HRV_17_HOK_0018_NoJabuka
2008;Jun;376.979021;3.261564266;3.618276582;HRV_17_HOK_0018_NoJabuka
2008;Jul;376.979021;3.64732368;3.618276582;HRV_17_HOK_0018_NoJabuka
2008;Aug;376.979021;3.67410918;3.618276582;HRV_17_HOK_0018_NoJabuka
2008;Sep;376.979021;3.488726959;3.618276582;HRV_17_HOK_0018_NoJabuka
2008;Oct;376.979021;3.731905203;3.618276582;HRV_17_HOK_0018_NoJabuka
2008;Nov;376.979021;3.290069772;3.618276582;HRV_17_HOK_0018_NoJabuka
2008;Dec;376.979021;3.483554644;3.618276582;HRV_17_HOK_0018_NoJabuka
2009;Jan;376.979021;3.18669893;3.618276582;HRV_17_HOK_0018_NoJabuka
2009;Feb;376.979021;2.925841366;3.618276582;HRV_17_HOK_0018_NoJabuka
2009;Mar;376.979021;3.206911695;3.618276582;HRV_17_HOK_0018_NoJabuka
2009;Apr;376.979021;3.356098497;3.618276582;HRV_17_HOK_0018_NoJabuka
2009;May;376.979021;3.078702368;3.618276582;HRV_17_HOK_0018_NoJabuka
2009;Jun;376.979021;3.261564266;3.618276582;HRV_17_HOK_0018_NoJabuka
2009;Jul;376.979021;3.64732368;3.618276582;HRV_17_HOK_0018_NoJabuka
2009;Aug;376.979021;3.67410918;3.618276582;HRV_17_HOK_0018_NoJabuka
2009;Sep;376.979021;3.488726959;3.618276582;HRV_17_HOK_0018_NoJabuka
2009;Oct;376.979021;3.731905203;3.618276582;HRV_17_HOK_0018_NoJabuka
2009;Nov;376.979021;3.290069772;3.618276582;HRV_17_HOK_0018_NoJabuka
2009;Dec;376.979021;3.483554644;3.618276582;HRV_17_HOK_0018_NoJabuka
2010;Jan;376.979021;3.18669893;3.618276582;HRV_17_HOK_0018_NoJabuka
2010;Feb;376.979021;2.925841366;3.618276582;HRV_17_HOK_0018_NoJabuka
2010;Mar;376.979021;3.206911695;3.618276582;HRV_17_HOK_0018_NoJabuka
2010;Apr;376.979021;3.356098497;3.618276582;HRV_17_HOK_0018_NoJabuka
2010;May;376.979021;3.078702368;3.618276582;HRV_17_HOK_0018_NoJabuka
2010;Jun;376.979021;3.261564266;3.618276582;HRV_17_HOK_0018_NoJabuka
2010;Jul;376.979021;3.64732368;3.618276582;HRV_17_HOK_0018_NoJabuka
2010;Aug;376.979021;3.67410918;3.618276582;HRV_17_HOK_0018_NoJabuka
2010;Sep;376.979021;3.488726959;3.618276582;HRV_17_HOK_0018_NoJabuka
2010;Oct;376.979021;3.731905203;3.618276582;HRV_17_HOK_0018_NoJabuka
2010;Nov;376.979021;3.290069772;3.618276582;HRV_17_HOK_0018_NoJabuka
2010;Dec;376.979021;3.483554644;3.618276582;HRV_17_HOK_0018_NoJabuka
2011;Jan;376.979021;3.18669893;3.618276582;HRV_17_HOK_0018_NoJabuka
2011;Feb;376.979021;2.925841366;3.618276582;HRV_17_HOK_0018_NoJabuka
2011;Mar;376.979021;3.206911695;3.618276582;HRV_17_HOK_0018_NoJabuka
2011;Apr;376.979021;3.356098497;3.618276582;HRV_17_HOK_0018_NoJabuka
2011;May;376.979021;3.078702368;3.618276582;HRV_17_HOK_0018_NoJabuka
2011;Jun;376.979021;3.261564266;3.618276582;HRV_17_HOK_0018_NoJabuka
2011;Jul;376.979021;3.64732368;3.618276582;HRV_17_HOK_0018_NoJabuka
2011;Aug;376.979021;3.67410918;3.618276582;HRV_17_HOK_0018_NoJabuka
2011;Sep;376.979021;3.488726959;3.618276582;HRV_17_HOK_0018_NoJabuka
2011;Oct;376.979021;3.731905203;3.618276582;HRV_17_HOK_0018_NoJabuka
2011;Nov;376.979021;3.290069772;3.618276582;HRV_17_HOK_0018_NoJabuka
2011;Dec;376.979021;3.483554644;3.618276582;HRV_17_HOK_0018_NoJabuka
2012;Jan;376.979021;3.18669893;3.618276582;HRV_17_HOK_0018_NoJabuka
2012;Feb;376.979021;2.925841366;3.618276582;HRV_17_HOK_0018_NoJabuka
2012;Mar;376.979021;3.206911695;3.618276582;HRV_17_HOK_0018_NoJabuka
2012;Apr;376.979021;3.356098497;3.618276582;HRV_17_HOK_0018_NoJabuka
2012;May;376.979021;3.078702368;3.618276582;HRV_17_HOK_0018_NoJabuka
2012;Jun;376.979021;3.261564266;3.618276582;HRV_17_HOK_0018_NoJabuka
2012;Jul;376.979021;3.64732368;3.618276582;HRV_17_HOK_0018_NoJabuka
2012;Aug;376.979021;3.67410918;3.618276582;HRV_17_HOK_0018_NoJabuka
2012;Sep;376.979021;3.488726959;3.618276582;HRV_17_HOK_0018_NoJabuka
2012;Oct;376.979021;3.731905203;3.618276582;HRV_17_HOK_0018_NoJabuka
2012;Nov;376.979021;3.290069772;3.618276582;HRV_17_HOK_0018_NoJabuka
2012;Dec;376.979021;3.483554644;3.618276582;HRV_17_HOK_0018_NoJabuka
2013;Jan;293;3.153583618;3.161604096;HRV_17_HOK_0018_NoJabuka
2013;Feb;324;2.978395062;3.203240741;HRV_17_HOK_0018_NoJabuka
2013;Mar;328;2.951219512;3.297987805;HRV_17_HOK_0018_NoJabuka
2013;Apr;402;3.315920398;3.542885572;HRV_17_HOK_0018_NoJabuka
2013;May;382;3.028795812;3.719424084;HRV_17_HOK_0018_NoJabuka
2013;Jun;384;3.260416667;3.921744792;HRV_17_HOK_0018_NoJabuka
2013;Jul;404;3.745049505;4.04740099;HRV_17_HOK_0018_NoJabuka
2013;Aug;405;3.585185185;4.023037037;HRV_17_HOK_0018_NoJabuka
2013;Sep;470;3.361702128;4.085914894;HRV_17_HOK_0018_NoJabuka
2013;Oct;445;3.573033708;3.705820225;HRV_17_HOK_0018_NoJabuka
2013;Nov;384;3.049479167;3.329166667;HRV_17_HOK_0018_NoJabuka
2013;Dec;425;3.428235294;3.678258824;HRV_17_HOK_0018_NoJabuka
2014;Jan;323;3.219814241;3.288142415;HRV_17_HOK_0018_NoJabuka
2014;Feb;292;2.873287671;3.230856164;HRV_17_HOK_0018_NoJabuka
2014;Mar;361;3.462603878;3.293822715;HRV_17_HOK_0018_NoJabuka
2014;Apr;376;3.396276596;3.444441489;HRV_17_HOK_0018_NoJabuka
2014;May;381;3.128608924;3.719343832;HRV_17_HOK_0018_NoJabuka
2014;Jun;354;3.262711864;3.924548023;HRV_17_HOK_0018_NoJabuka
2014;Jul;373;3.549597855;4.035469169;HRV_17_HOK_0018_NoJabuka
2014;Aug;422;3.763033175;4.241327014;HRV_17_HOK_0018_NoJabuka
2014;Sep;419;3.61575179;4.329785203;HRV_17_HOK_0018_NoJabuka
2014;Oct;412;3.890776699;3.97131068;HRV_17_HOK_0018_NoJabuka
2014;Nov;424;3.530660377;3.724127358;HRV_17_HOK_0018_NoJabuka
2014;Dec;373;3.538873995;3.458552279;HRV_17_HOK_0018_NoJabuka
2015;Jan;243;3.193415638;3.11909465;HRV_17_HOK_0018_NoJabuka
2015;Feb;241;3.004149378;3.363858921;HRV_17_HOK_0018_NoJabuka
2015;Mar;287;3.254355401;2.940069686;HRV_17_HOK_0018_NoJabuka
2015;Apr;309;3.330097087;3.345631068;HRV_17_HOK_0018_NoJabuka
2015;May;346;3.317919075;3.430606936;HRV_17_HOK_0018_NoJabuka
2015;Jun;334;3.188622754;3.538323353;HRV_17_HOK_0018_NoJabuka
2015;Jul;340;3.997058824;3.725264706;HRV_17_HOK_0018_NoJabuka
2015;Aug;329;4.024316109;3.414832827;HRV_17_HOK_0018_NoJabuka
2015;Sep;355;3.267605634;3.597323944;HRV_17_HOK_0018_NoJabuka
2015;Oct;354;3.516949153;3.348954802;HRV_17_HOK_0018_NoJabuka
2015;Nov;382;3.602094241;3.595863874;HRV_17_HOK_0018_NoJabuka
2015;Dec;360;3.758333333;3.403972222;HRV_17_HOK_0018_NoJabuka
2016;Jan;246;3.422764228;3.055813008;HRV_17_HOK_0018_NoJabuka
2016;Feb;242;3.115702479;2.954545455;HRV_17_HOK_0018_NoJabuka
2016;Mar;281;3.270462633;3.105765125;HRV_17_HOK_0018_NoJabuka
2016;Apr;329;3.142857143;3.331884498;HRV_17_HOK_0018_NoJabuka
2016;May;326;3.325153374;3.634079755;HRV_17_HOK_0018_NoJabuka
2016;Jun;314;3.388535032;3.711146497;HRV_17_HOK_0018_NoJabuka
2016;Jul;331;4.341389728;4.132356495;HRV_17_HOK_0018_NoJabuka
2016;Aug;355;4.369014085;4.153352113;HRV_17_HOK_0018_NoJabuka
2016;Sep;404;3.670792079;3.797450495;HRV_17_HOK_0018_NoJabuka
2016;Oct;349;3.868194842;3.584383954;HRV_17_HOK_0018_NoJabuka
2016;Nov;338;3.878698225;3.468905325;HRV_17_HOK_0018_NoJabuka
2016;Dec;368;4.08423913;3.666222826;HRV_17_HOK_0018_NoJabuka
2017;Jan;243;3.127572016;2.94037037;HRV_17_HOK_0018_NoJabuka
2017;Feb;299;3.317725753;2.92548495;HRV_17_HOK_0018_NoJabuka
2017;Mar;328;3.204268293;3.251432927;HRV_17_HOK_0018_NoJabuka
2017;Apr;326;3.220858896;3.161411043;HRV_17_HOK_0018_NoJabuka
2017;May;330;3.460606061;3.697636364;HRV_17_HOK_0018_NoJabuka
2017;Jun;338;3.553254438;3.460769231;HRV_17_HOK_0018_NoJabuka
2017;Jul;374;3.617647059;4.016363636;HRV_17_HOK_0018_NoJabuka
2017;Aug;408;3.669117647;4.22122549;HRV_17_HOK_0018_NoJabuka
2017;Sep;411;3.287104623;4.201800487;HRV_17_HOK_0018_NoJabuka
2017;Oct;439;3.419134396;3.822437358;HRV_17_HOK_0018_NoJabuka
2017;Nov;364;3.31043956;3.703434066;HRV_17_HOK_0018_NoJabuka
2017;Dec;339;3.277286136;3.493421829;HRV_17_HOK_0018_NoJabuka
2018;Jan;325;3.393846154;2.8584;HRV_17_HOK_0018_NoJabuka
2018;Feb;275;3.123636364;2.859563636;HRV_17_HOK_0018_NoJabuka
2018;Mar;307;3.218241042;2.977785016;HRV_17_HOK_0018_NoJabuka
2018;Apr;397;3.443324937;3.509899244;HRV_17_HOK_0018_NoJabuka
2018;May;409;3.498777506;3.567506112;HRV_17_HOK_0018_NoJabuka
2018;Jun;339;3.513274336;3.366342183;HRV_17_HOK_0018_NoJabuka
2018;Jul;400;3.6875;3.6258;HRV_17_HOK_0018_NoJabuka
2018;Aug;415;4.045783133;3.670289157;HRV_17_HOK_0018_NoJabuka
2018;Sep;442;3.778280543;3.530497738;HRV_17_HOK_0018_NoJabuka
2018;Oct;464;3.38362069;3.479288793;HRV_17_HOK_0018_NoJabuka
2018;Nov;406;3.822660099;3.214064039;HRV_17_HOK_0018_NoJabuka
2018;Dec;434;3.357142857;3.104792627;HRV_17_HOK_0018_NoJabuka
2019;Jan;279;3.555555556;2.971397849;HRV_17_HOK_0018_NoJabuka
2019;Feb;323;3.377708978;3.052693498;HRV_17_HOK_0018_NoJabuka
2019;Mar;346;3.488439306;3.094566474;HRV_17_HOK_0018_NoJabuka
2019;Apr;380;3.442105263;3.300421053;HRV_17_HOK_0018_NoJabuka
2019;May;378;3.664021164;3.535661376;HRV_17_HOK_0018_NoJabuka
2019;Jun;402;3.902985075;3.701169154;HRV_17_HOK_0018_NoJabuka
2019;Jul;431;3.846867749;3.663642691;HRV_17_HOK_0018_NoJabuka
2019;Aug;467;4.139186296;4.044089936;HRV_17_HOK_0018_NoJabuka
2019;Sep;486;3.763374486;3.962119342;HRV_17_HOK_0018_NoJabuka
2019;Oct;503;3.896620278;3.580795229;HRV_17_HOK_0018_NoJabuka
2019;Nov;361;3.570637119;3.23634349;HRV_17_HOK_0018_NoJabuka
2019;Dec;370;3.608108108;3.70927027;HRV_17_HOK_0018_NoJabuka
2020;Jan;371;3.929919137;3.011266846;HRV_17_HOK_0018_NoJabuka
2020;Feb;372;3.491935484;3.064811828;HRV_17_HOK_0018_NoJabuka
2020;Mar;318;3.449685535;3.313584906;HRV_17_HOK_0018_NoJabuka
2020;Apr;384;3.575520833;3.541901042;HRV_17_HOK_0018_NoJabuka
2020;May;353;3.679886686;3.511359773;HRV_17_HOK_0018_NoJabuka
2020;Jun;396;3.507575758;3.15229798;HRV_17_HOK_0018_NoJabuka
2020;Jul;464;3.842672414;3.679655172;HRV_17_HOK_0018_NoJabuka
2020;Aug;439;4.029612756;4.061343964;HRV_17_HOK_0018_NoJabuka
2020;Sep;481;3.56964657;3.808503119;HRV_17_HOK_0018_NoJabuka
2020;Oct;476;3.716386555;3.66539916;HRV_17_HOK_0018_NoJabuka
2020;Nov;498;3.96184739;3.683594378;HRV_17_HOK_0018_NoJabuka
2020;Dec;409;3.850855746;3.400171149;HRV_17_HOK_0018_NoJabuka
2021;Jan;268;3.820895522;2.793320896;HRV_17_HOK_0018_NoJabuka
2021;Feb;372;3.545698925;3.262284946;HRV_17_HOK_0018_NoJabuka
2021;Mar;387;3.57881137;3.379173127;HRV_17_HOK_0018_NoJabuka
2021;Apr;333;3.660660661;3.433543544;HRV_17_HOK_0018_NoJabuka
2021;May;335;3.791044776;3.243283582;HRV_17_HOK_0018_NoJabuka
2021;Jun;415;3.879518072;3.492481928;HRV_17_HOK_0018_NoJabuka
2021;Jul;420;4.461904762;3.82447619;HRV_17_HOK_0018_NoJabuka
2021;Aug;413;4.244552058;4.05464891;HRV_17_HOK_0018_NoJabuka
2021;Sep;438;4.116438356;4.238607306;HRV_17_HOK_0018_NoJabuka
2021;Oct;456;3.769736842;3.629144737;HRV_17_HOK_0018_NoJabuka
2021;Nov;403;4.007444169;3.626848635;HRV_17_HOK_0018_NoJabuka
2021;Dec;407;3.805896806;3.226093366;HRV_17_HOK_0018_NoJabuka
2022;Jan;328;3.542682927;3.002103659;HRV_17_HOK_0018_NoJabuka
2022;Feb;333;3.366366366;3.365105105;HRV_17_HOK_0018_NoJabuka
2022;Mar;367;3.634877384;3.729482289;HRV_17_HOK_0018_NoJabuka
2022;Apr;359;3.637883008;3.936713092;HRV_17_HOK_0018_NoJabuka
2022;May;390;4.117948718;3.848051282;HRV_17_HOK_0018_NoJabuka
2022;Jun;388;4.144329897;3.660051546;HRV_17_HOK_0018_NoJabuka
2022;Jul;401;4.49127182;4.177431421;HRV_17_HOK_0018_NoJabuka
2022;Aug;413;4.607748184;4.470024213;HRV_17_HOK_0018_NoJabuka
2022;Sep;387;4.390180879;3.971989664;HRV_17_HOK_0018_NoJabuka
2022;Oct;495;4.648484848;4.101191919;HRV_17_HOK_0018_NoJabuka
2022;Nov;382;4.133507853;3.75065445;HRV_17_HOK_0018_NoJabuka
2022;Dec;376.979021;0.0001;3.406507538;HRV_17_HOK_0018_NoJabuka
2023;Jan;345;4.057971014;3.119826087;HRV_17_HOK_0018_NoJabuka
2023;Feb;363;4.650137741;3.152066116;HRV_17_HOK_0018_NoJabuka
2023;Mar;373;4.388739946;3.518042895;HRV_17_HOK_0018_NoJabuka
2023;Apr;372;4.596774194;4.048521505;HRV_17_HOK_0018_NoJabuka
2023;May;426;4.438967136;4.188356808;HRV_17_HOK_0018_NoJabuka
2023;Jun;384;4.856770833;4.301536458;HRV_17_HOK_0018_NoJabuka
2023;Jul;436;4.798165138;4.663417431;HRV_17_HOK_0018_NoJabuka
2023;Aug;458;4.755458515;4.508799127;HRV_17_HOK_0018_NoJabuka
2023;Sep;444;5.085585586;4.175900901;HRV_17_HOK_0018_NoJabuka
2023;Oct;447;4.644295302;4.027964206;HRV_17_HOK_0018_NoJabuka
2023;Nov;377;5.111405836;3.879575597;HRV_17_HOK_0018_NoJabuka
2023;Dec;418;4.992822967;3.989186603;HRV_17_HOK_0018_NoJabuka
2024;Jan;328;4.62804878;3.060213415;HRV_17_HOK_0018_NoJabuka
2024;Feb;339;4.179941003;3.108702065;HRV_17_HOK_0018_NoJabuka
2024;Mar;349;4.332378223;3.494068768;HRV_17_HOK_0018_NoJabuka
2024;Apr;388;4.355670103;3.648453608;HRV_17_HOK_0018_NoJabuka
2024;May;411;4.163017032;4.440681265;HRV_17_HOK_0018_NoJabuka
2024;Jun;374;4.256684492;4.24855615;HRV_17_HOK_0018_NoJabuka
2024;Jul;431;4.714617169;4.682668213;HRV_17_HOK_0018_NoJabuka
2024;Aug;458;4.718340611;4.764759825;HRV_17_HOK_0018_NoJabuka
2024;Sep;408;3.931372549;3.960980392;HRV_17_HOK_0018_NoJabuka
2024;Oct;474;4.786919831;4.291687764;HRV_17_HOK_0018_NoJabuka
2024;Nov;415;4.628915663;4.112072289;HRV_17_HOK_0018_NoJabuka
2024;Dec;382;4.471204188;3.818586387;HRV_17_HOK_0018_NoJabuka
;seed;410.4444444;5.485624925;18.28906647;HRV_17_DTS_0640_NoJabuka
2004;Jan;410.4444444;5.485624925;18.28906647;HRV_17_DTS_0640_NoJabuka
2004;Feb;410.4444444;4.718484917;18.28906647;HRV_17_DTS_0640_NoJabuka
2004;Mar;410.4444444;5.049289944;18.28906647;HRV_17_DTS_0640_NoJabuka
2004;Apr;410.4444444;5.650244314;18.28906647;HRV_17_DTS_0640_NoJabuka
2004;May;410.4444444;5.005990108;18.28906647;HRV_17_DTS_0640_NoJabuka
2004;Jun;410.4444444;5.793418199;18.28906647;HRV_17_DTS_0640_NoJabuka
2004;Jul;410.4444444;6.007437581;18.28906647;HRV_17_DTS_0640_NoJabuka
2004;Aug;410.4444444;6.117046943;18.28906647;HRV_17_DTS_0640_NoJabuka
2004;Sep;410.4444444;5.837015897;18.28906647;HRV_17_DTS_0640_NoJabuka
2004;Oct;410.4444444;5.534231244;18.28906647;HRV_17_DTS_0640_NoJabuka
2004;Nov;410.4444444;4.882489364;18.28906647;HRV_17_DTS_0640_NoJabuka
2004;Dec;410.4444444;5.221585525;18.28906647;HRV_17_DTS_0640_NoJabuka
2005;Jan;410.4444444;5.485624925;18.28906647;HRV_17_DTS_0640_NoJabuka
2005;Feb;410.4444444;4.718484917;18.28906647;HRV_17_DTS_0640_NoJabuka
2005;Mar;410.4444444;5.049289944;18.28906647;HRV_17_DTS_0640_NoJabuka
2005;Apr;410.4444444;5.650244314;18.28906647;HRV_17_DTS_0640_NoJabuka
2005;May;410.4444444;5.005990108;18.28906647;HRV_17_DTS_0640_NoJabuka
2005;Jun;410.4444444;5.793418199;18.28906647;HRV_17_DTS_0640_NoJabuka
2005;Jul;410.4444444;6.007437581;18.28906647;HRV_17_DTS_0640_NoJabuka
2005;Aug;410.4444444;6.117046943;18.28906647;HRV_17_DTS_0640_NoJabuka
2005;Sep;410.4444444;5.837015897;18.28906647;HRV_17_DTS_0640_NoJabuka
2005;Oct;410.4444444;5.534231244;18.28906647;HRV_17_DTS_0640_NoJabuka
2005;Nov;410.4444444;4.882489364;18.28906647;HRV_17_DTS_0640_NoJabuka
2005;Dec;410.4444444;5.221585525;18.28906647;HRV_17_DTS_0640_NoJabuka
2006;Jan;410.4444444;5.485624925;18.28906647;HRV_17_DTS_0640_NoJabuka
2006;Feb;410.4444444;4.718484917;18.28906647;HRV_17_DTS_0640_NoJabuka
2006;Mar;410.4444444;5.049289944;18.28906647;HRV_17_DTS_0640_NoJabuka
2006;Apr;410.4444444;5.650244314;18.28906647;HRV_17_DTS_0640_NoJabuka
2006;May;410.4444444;5.005990108;18.28906647;HRV_17_DTS_0640_NoJabuka
2006;Jun;410.4444444;5.793418199;18.28906647;HRV_17_DTS_0640_NoJabuka
2006;Jul;410.4444444;6.007437581;18.28906647;HRV_17_DTS_0640_NoJabuka
2006;Aug;410.4444444;6.117046943;18.28906647;HRV_17_DTS_0640_NoJabuka
2006;Sep;410.4444444;5.837015897;18.28906647;HRV_17_DTS_0640_NoJabuka
2006;Oct;410.4444444;5.534231244;18.28906647;HRV_17_DTS_0640_NoJabuka
2006;Nov;410.4444444;4.882489364;18.28906647;HRV_17_DTS_0640_NoJabuka
2006;Dec;410.4444444;5.221585525;18.28906647;HRV_17_DTS_0640_NoJabuka
2007;Jan;410.4444444;5.485624925;18.28906647;HRV_17_DTS_0640_NoJabuka
2007;Feb;410.4444444;4.718484917;18.28906647;HRV_17_DTS_0640_NoJabuka
2007;Mar;410.4444444;5.049289944;18.28906647;HRV_17_DTS_0640_NoJabuka
2007;Apr;410.4444444;5.650244314;18.28906647;HRV_17_DTS_0640_NoJabuka
2007;May;410.4444444;5.005990108;18.28906647;HRV_17_DTS_0640_NoJabuka
2007;Jun;410.4444444;5.793418199;18.28906647;HRV_17_DTS_0640_NoJabuka
2007;Jul;410.4444444;6.007437581;18.28906647;HRV_17_DTS_0640_NoJabuka
2007;Aug;410.4444444;6.117046943;18.28906647;HRV_17_DTS_0640_NoJabuka
2007;Sep;410.4444444;5.837015897;18.28906647;HRV_17_DTS_0640_NoJabuka
2007;Oct;410.4444444;5.534231244;18.28906647;HRV_17_DTS_0640_NoJabuka
2007;Nov;410.4444444;4.882489364;18.28906647;HRV_17_DTS_0640_NoJabuka
2007;Dec;410.4444444;5.221585525;18.28906647;HRV_17_DTS_0640_NoJabuka
2008;Jan;410.4444444;5.485624925;18.28906647;HRV_17_DTS_0640_NoJabuka
2008;Feb;410.4444444;4.718484917;18.28906647;HRV_17_DTS_0640_NoJabuka
2008;Mar;410.4444444;5.049289944;18.28906647;HRV_17_DTS_0640_NoJabuka
2008;Apr;410.4444444;5.650244314;18.28906647;HRV_17_DTS_0640_NoJabuka
2008;May;410.4444444;5.005990108;18.28906647;HRV_17_DTS_0640_NoJabuka
2008;Jun;410.4444444;5.793418199;18.28906647;HRV_17_DTS_0640_NoJabuka
2008;Jul;410.4444444;6.007437581;18.28906647;HRV_17_DTS_0640_NoJabuka
2008;Aug;410.4444444;6.117046943;18.28906647;HRV_17_DTS_0640_NoJabuka
2008;Sep;410.4444444;5.837015897;18.28906647;HRV_17_DTS_0640_NoJabuka
2008;Oct;410.4444444;5.534231244;18.28906647;HRV_17_DTS_0640_NoJabuka
2008;Nov;410.4444444;4.882489364;18.28906647;HRV_17_DTS_0640_NoJabuka
2008;Dec;410.4444444;5.221585525;18.28906647;HRV_17_DTS_0640_NoJabuka
2009;Jan;410.4444444;5.485624925;18.28906647;HRV_17_DTS_0640_NoJabuka
2009;Feb;410.4444444;4.718484917;18.28906647;HRV_17_DTS_0640_NoJabuka
2009;Mar;410.4444444;5.049289944;18.28906647;HRV_17_DTS_0640_NoJabuka
2009;Apr;410.4444444;5.650244314;18.28906647;HRV_17_DTS_0640_NoJabuka
2009;May;410.4444444;5.005990108;18.28906647;HRV_17_DTS_0640_NoJabuka
2009;Jun;410.4444444;5.793418199;18.28906647;HRV_17_DTS_0640_NoJabuka
2009;Jul;410.4444444;6.007437581;18.28906647;HRV_17_DTS_0640_NoJabuka
2009;Aug;410.4444444;6.117046943;18.28906647;HRV_17_DTS_0640_NoJabuka
2009;Sep;410.4444444;5.837015897;18.28906647;HRV_17_DTS_0640_NoJabuka
2009;Oct;410.4444444;5.534231244;18.28906647;HRV_17_DTS_0640_NoJabuka
2009;Nov;410.4444444;4.882489364;18.28906647;HRV_17_DTS_0640_NoJabuka
2009;Dec;410.4444444;5.221585525;18.28906647;HRV_17_DTS_0640_NoJabuka
2010;Jan;410.4444444;5.485624925;18.28906647;HRV_17_DTS_0640_NoJabuka
2010;Feb;410.4444444;4.718484917;18.28906647;HRV_17_DTS_0640_NoJabuka
2010;Mar;410.4444444;5.049289944;18.28906647;HRV_17_DTS_0640_NoJabuka
2010;Apr;410.4444444;5.650244314;18.28906647;HRV_17_DTS_0640_NoJabuka
2010;May;410.4444444;5.005990108;18.28906647;HRV_17_DTS_0640_NoJabuka
2010;Jun;410.4444444;5.793418199;18.28906647;HRV_17_DTS_0640_NoJabuka
2010;Jul;410.4444444;6.007437581;18.28906647;HRV_17_DTS_0640_NoJabuka
2010;Aug;410.4444444;6.117046943;18.28906647;HRV_17_DTS_0640_NoJabuka
2010;Sep;410.4444444;5.837015897;18.28906647;HRV_17_DTS_0640_NoJabuka
2010;Oct;410.4444444;5.534231244;18.28906647;HRV_17_DTS_0640_NoJabuka
2010;Nov;410.4444444;4.882489364;18.28906647;HRV_17_DTS_0640_NoJabuka
2010;Dec;410.4444444;5.221585525;18.28906647;HRV_17_DTS_0640_NoJabuka
2011;Jan;410.4444444;5.485624925;18.28906647;HRV_17_DTS_0640_NoJabuka
2011;Feb;410.4444444;4.718484917;18.28906647;HRV_17_DTS_0640_NoJabuka
2011;Mar;410.4444444;5.049289944;18.28906647;HRV_17_DTS_0640_NoJabuka
2011;Apr;410.4444444;5.650244314;18.28906647;HRV_17_DTS_0640_NoJabuka
2011;May;410.4444444;5.005990108;18.28906647;HRV_17_DTS_0640_NoJabuka
2011;Jun;410.4444444;5.793418199;18.28906647;HRV_17_DTS_0640_NoJabuka
2011;Jul;410.4444444;6.007437581;18.28906647;HRV_17_DTS_0640_NoJabuka
2011;Aug;410.4444444;6.117046943;18.28906647;HRV_17_DTS_0640_NoJabuka
2011;Sep;410.4444444;5.837015897;18.28906647;HRV_17_DTS_0640_NoJabuka
2011;Oct;410.4444444;5.534231244;18.28906647;HRV_17_DTS_0640_NoJabuka
2011;Nov;410.4444444;4.882489364;18.28906647;HRV_17_DTS_0640_NoJabuka
2011;Dec;410.4444444;5.221585525;18.28906647;HRV_17_DTS_0640_NoJabuka
2012;Jan;410.4444444;5.485624925;18.28906647;HRV_17_DTS_0640_NoJabuka
2012;Feb;410.4444444;4.718484917;18.28906647;HRV_17_DTS_0640_NoJabuka
2012;Mar;410.4444444;5.049289944;18.28906647;HRV_17_DTS_0640_NoJabuka
2012;Apr;410.4444444;5.650244314;18.28906647;HRV_17_DTS_0640_NoJabuka
2012;May;410.4444444;5.005990108;18.28906647;HRV_17_DTS_0640_NoJabuka
2012;Jun;410.4444444;5.793418199;18.28906647;HRV_17_DTS_0640_NoJabuka
2012;Jul;410.4444444;6.007437581;18.28906647;HRV_17_DTS_0640_NoJabuka
2012;Aug;410.4444444;6.117046943;18.28906647;HRV_17_DTS_0640_NoJabuka
2012;Sep;410.4444444;5.837015897;18.28906647;HRV_17_DTS_0640_NoJabuka
2012;Oct;410.4444444;5.534231244;18.28906647;HRV_17_DTS_0640_NoJabuka
2012;Nov;410.4444444;4.882489364;18.28906647;HRV_17_DTS_0640_NoJabuka
2012;Dec;410.4444444;5.221585525;18.28906647;HRV_17_DTS_0640_NoJabuka
2013;Jan;561;5.431372549;20.56547237;HRV_17_DTS_0640_NoJabuka
2013;Feb;538;4.82527881;20.44418216;HRV_17_DTS_0640_NoJabuka
2013;Mar;529;4.495274102;20.83111531;HRV_17_DTS_0640_NoJabuka
2013;Apr;563;5.623445826;23.36808171;HRV_17_DTS_0640_NoJabuka
2013;May;515;4.623300971;22.94706796;HRV_17_DTS_0640_NoJabuka
2013;Jun;525;6.032380952;22.23645714;HRV_17_DTS_0640_NoJabuka
2013;Jul;514;6.025291829;24.58883268;HRV_17_DTS_0640_NoJabuka
2013;Aug;445;6.056179775;20.49292135;HRV_17_DTS_0640_NoJabuka
2013;Sep;497;5.597585513;20.08539235;HRV_17_DTS_0640_NoJabuka
2013;Oct;537;5.60707635;21.75953445;HRV_17_DTS_0640_NoJabuka
2013;Nov;541;4.500924214;19.33166359;HRV_17_DTS_0640_NoJabuka
2013;Dec;590;5.505084746;21.18869492;HRV_17_DTS_0640_NoJabuka
2014;Jan;489;5.539877301;19.43799591;HRV_17_DTS_0640_NoJabuka
2014;Feb;479;4.611691023;20.16004175;HRV_17_DTS_0640_NoJabuka
2014;Mar;605;5.603305785;20.21829752;HRV_17_DTS_0640_NoJabuka
2014;Apr;514;5.677042802;19.36620623;HRV_17_DTS_0640_NoJabuka
2014;May;530;5.388679245;20.00983019;HRV_17_DTS_0640_NoJabuka
2014;Jun;505;5.554455446;21.09229703;HRV_17_DTS_0640_NoJabuka
2014;Jul;480;5.989583333;21.76720833;HRV_17_DTS_0640_NoJabuka
2014;Aug;489;6.17791411;21.57149284;HRV_17_DTS_0640_NoJabuka
2014;Sep;484;6.076446281;22.04188017;HRV_17_DTS_0640_NoJabuka
2014;Oct;505;5.461386139;21.49962376;HRV_17_DTS_0640_NoJabuka
2014;Nov;587;5.264054514;20.53984668;HRV_17_DTS_0640_NoJabuka
2014;Dec;533;4.938086304;20.84919325;HRV_17_DTS_0640_NoJabuka
2015;Jan;476;5.149159664;22.87502101;HRV_17_DTS_0640_NoJabuka
2015;Feb;480;4.797916667;22.4789375;HRV_17_DTS_0640_NoJabuka
2015;Mar;503;5.061630219;21.80727634;HRV_17_DTS_0640_NoJabuka
2015;Apr;490;5.428571429;23.23689796;HRV_17_DTS_0640_NoJabuka
2015;May;492;6.174796748;21.67847561;HRV_17_DTS_0640_NoJabuka
2015;Jun;451;6.155210643;21.5786918;HRV_17_DTS_0640_NoJabuka
2015;Jul;456;6.425438596;22.47252193;HRV_17_DTS_0640_NoJabuka
2015;Aug;438;6.502283105;23.3296347;HRV_17_DTS_0640_NoJabuka
2015;Sep;379;4.279683377;21.10564644;HRV_17_DTS_0640_NoJabuka
2015;Oct;437;5.71624714;17.85549199;HRV_17_DTS_0640_NoJabuka
2015;Nov;571;6.534150613;19.11725044;HRV_17_DTS_0640_NoJabuka
2015;Dec;560;6.214285714;18.74996429;HRV_17_DTS_0640_NoJabuka
2016;Jan;460;4.691304348;20.36754348;HRV_17_DTS_0640_NoJabuka
2016;Feb;385;4.197402597;22.27033766;HRV_17_DTS_0640_NoJabuka
2016;Mar;448;4.758928571;18.82774554;HRV_17_DTS_0640_NoJabuka
2016;Apr;448;5.861607143;19.58904018;HRV_17_DTS_0640_NoJabuka
2016;May;439;5.840546697;19.34259681;HRV_17_DTS_0640_NoJabuka
2016;Jun;396;6.363636364;17.45861111;HRV_17_DTS_0640_NoJabuka
2016;Jul;431;6.213457077;21.15194896;HRV_17_DTS_0640_NoJabuka
2016;Aug;395;6.303797468;19.87263291;HRV_17_DTS_0640_NoJabuka
2016;Sep;397;5.156171285;18.28186398;HRV_17_DTS_0640_NoJabuka
2016;Oct;397;4.554156171;16.47707809;HRV_17_DTS_0640_NoJabuka
2016;Nov;457;5.078774617;17.21859956;HRV_17_DTS_0640_NoJabuka
2016;Dec;486;6.275720165;17.22045267;HRV_17_DTS_0640_NoJabuka
2017;Jan;418;4.050239234;17.57045455;HRV_17_DTS_0640_NoJabuka
2017;Feb;502;4.874501992;18.20739044;HRV_17_DTS_0640_NoJabuka
2017;Mar;512;5.833984375;16.38513672;HRV_17_DTS_0640_NoJabuka
2017;Apr;404;4.76980198;16.14111386;HRV_17_DTS_0640_NoJabuka
2017;May;405;6.641975309;17.44871605;HRV_17_DTS_0640_NoJabuka
2017;Jun;378;6.058201058;17.38775132;HRV_17_DTS_0640_NoJabuka
2017;Jul;381;6.603674541;16.4752231;HRV_17_DTS_0640_NoJabuka
2017;Aug;362;6.436464088;16.2058011;HRV_17_DTS_0640_NoJabuka
2017;Sep;322;3.860248447;15.58698758;HRV_17_DTS_0640_NoJabuka
2017;Oct;405;5.777777778;15.1237284;HRV_17_DTS_0640_NoJabuka
2017;Nov;416;5.757211538;14.37213942;HRV_17_DTS_0640_NoJabuka
2017;Dec;389;4.411311054;13.85789203;HRV_17_DTS_0640_NoJabuka
2018;Jan;436;5.538990826;14.92254587;HRV_17_DTS_0640_NoJabuka
2018;Feb;361;3.867036011;15.02171745;HRV_17_DTS_0640_NoJabuka
2018;Mar;389;5.174807198;14.18236504;HRV_17_DTS_0640_NoJabuka
2018;Apr;378;6.76984127;14.46060847;HRV_17_DTS_0640_NoJabuka
2018;May;379;6.699208443;14.24189974;HRV_17_DTS_0640_NoJabuka
2018;Jun;320;4.796875;14.06809375;HRV_17_DTS_0640_NoJabuka
2018;Jul;379;6.762532982;14.39480211;HRV_17_DTS_0640_NoJabuka
2018;Aug;347;6.504322767;13.99919308;HRV_17_DTS_0640_NoJabuka
2018;Sep;328;5.518292683;14.84158537;HRV_17_DTS_0640_NoJabuka
2018;Oct;328;4.240853659;15.27942073;HRV_17_DTS_0640_NoJabuka
2018;Nov;438;5.442922374;14.60990868;HRV_17_DTS_0640_NoJabuka
2018;Dec;427;5.088992974;15.28997658;HRV_17_DTS_0640_NoJabuka
2019;Jan;351;4.316239316;14.25176638;HRV_17_DTS_0640_NoJabuka
2019;Feb;461;4.863340564;15.48342733;HRV_17_DTS_0640_NoJabuka
2019;Mar;434;4.684331797;16.17184332;HRV_17_DTS_0640_NoJabuka
2019;Apr;382;4.636125654;15.83232984;HRV_17_DTS_0640_NoJabuka
2019;May;393;5.236641221;16.13020356;HRV_17_DTS_0640_NoJabuka
2019;Jun;397;5.773299748;16.33110831;HRV_17_DTS_0640_NoJabuka
2019;Jul;386;6.212435233;16.64207254;HRV_17_DTS_0640_NoJabuka
2019;Aug;370;6.062162162;16.4187027;HRV_17_DTS_0640_NoJabuka
2019;Sep;353;3.801699717;16.21339943;HRV_17_DTS_0640_NoJabuka
2019;Oct;368;4.557065217;16.99513587;HRV_17_DTS_0640_NoJabuka
2019;Nov;382;4.772251309;16.04905759;HRV_17_DTS_0640_NoJabuka
2019;Dec;380;4.247368421;15.59807895;HRV_17_DTS_0640_NoJabuka
2020;Jan;467;6.689507495;16.51089936;HRV_17_DTS_0640_NoJabuka
2020;Feb;496;4.467741935;18.30895161;HRV_17_DTS_0640_NoJabuka
2020;Mar;417;4.587529976;17.94342926;HRV_17_DTS_0640_NoJabuka
2020;Apr;350;4.514285714;16.37697143;HRV_17_DTS_0640_NoJabuka
2020;May;301;4.455149502;14.73063123;HRV_17_DTS_0640_NoJabuka
2020;Jun;400;5.62;16.31;HRV_17_DTS_0640_NoJabuka
2020;Jul;446;6.143497758;15.67912556;HRV_17_DTS_0640_NoJabuka
2020;Aug;414;5.371980676;17.54169082;HRV_17_DTS_0640_NoJabuka
2020;Sep;408;4.507352941;16.62887255;HRV_17_DTS_0640_NoJabuka
2020;Oct;404;4.245049505;18.14356436;HRV_17_DTS_0640_NoJabuka
2020;Nov;520;5.298076923;16.93711538;HRV_17_DTS_0640_NoJabuka
2020;Dec;349;4.888252149;12.70426934;HRV_17_DTS_0640_NoJabuka
2021;Jan;377;4.586206897;16.26161804;HRV_17_DTS_0640_NoJabuka
2021;Feb;477;4.968553459;18.20450734;HRV_17_DTS_0640_NoJabuka
2021;Mar;448;5.84375;17.06761161;HRV_17_DTS_0640_NoJabuka
2021;Apr;253;4.703557312;12.57596838;HRV_17_DTS_0640_NoJabuka
2021;May;369;5.178861789;18.12634146;HRV_17_DTS_0640_NoJabuka
2021;Jun;423;5.98108747;17.45463357;HRV_17_DTS_0640_NoJabuka
2021;Jul;419;5.090692124;18.6526969;HRV_17_DTS_0640_NoJabuka
2021;Aug;386;5.132124352;17.74707254;HRV_17_DTS_0640_NoJabuka
2021;Sep;431;4.728538283;17.58986079;HRV_17_DTS_0640_NoJabuka
2021;Oct;375;3.597333333;16.27461333;HRV_17_DTS_0640_NoJabuka
2021;Nov;433;5.122401848;18.11307159;HRV_17_DTS_0640_NoJabuka
2021;Dec;435;4.485057471;16.1037931;HRV_17_DTS_0640_NoJabuka
2022;Jan;432;4.37037037;16.23078704;HRV_17_DTS_0640_NoJabuka
2022;Feb;405;4.479012346;18.07501235;HRV_17_DTS_0640_NoJabuka
2022;Mar;434;5.276497696;16.87829493;HRV_17_DTS_0640_NoJabuka
2022;Apr;271;4.546125461;14.02247232;HRV_17_DTS_0640_NoJabuka
2022;May;350;5.688571429;18.16645714;HRV_17_DTS_0640_NoJabuka
2022;Jun;328;5.051829268;18.42143293;HRV_17_DTS_0640_NoJabuka
2022;Jul;316;4.886075949;19.77079114;HRV_17_DTS_0640_NoJabuka
2022;Aug;288;5.392361111;18.64385417;HRV_17_DTS_0640_NoJabuka
2022;Sep;284;3.507042254;19.01806338;HRV_17_DTS_0640_NoJabuka
2022;Oct;398;4.474874372;17.24324121;HRV_17_DTS_0640_NoJabuka
2022;Nov;401;4.87032419;18.01798005;HRV_17_DTS_0640_NoJabuka
2022;Dec;404;4.603960396;17.02549505;HRV_17_DTS_0640_NoJabuka
2023;Jan;334;4.002994012;18.13239521;HRV_17_DTS_0640_NoJabuka
2023;Feb;381;4.454068241;18.91950131;HRV_17_DTS_0640_NoJabuka
2023;Mar;367;4.438692098;20.02662125;HRV_17_DTS_0640_NoJabuka
2023;Apr;306;4.130718954;18.97150327;HRV_17_DTS_0640_NoJabuka
2023;May;307;4.732899023;22.1567101;HRV_17_DTS_0640_NoJabuka
2023;Jun;320;5.328125;19.587;HRV_17_DTS_0640_NoJabuka
2023;Jul;316;5.35443038;19.1806962;HRV_17_DTS_0640_NoJabuka
2023;Aug;297;4.882154882;19.07952862;HRV_17_DTS_0640_NoJabuka
2023;Sep;290;3.851724138;20.8777931;HRV_17_DTS_0640_NoJabuka
2023;Oct;263;3.524714829;18.09076046;HRV_17_DTS_0640_NoJabuka
2023;Nov;336;4.386904762;17.39791667;HRV_17_DTS_0640_NoJabuka
2023;Dec;375;3.994666667;17.75101333;HRV_17_DTS_0640_NoJabuka
2024;Jan;320;4.39375;19.74365625;HRV_17_DTS_0640_NoJabuka
2024;Feb;316;4.484177215;18.91525316;HRV_17_DTS_0640_NoJabuka
2024;Mar;316;4.588607595;19.93629747;HRV_17_DTS_0640_NoJabuka
2024;Apr;306;4.68627451;21.24882353;HRV_17_DTS_0640_NoJabuka
2024;May;299;4.839464883;21.3526087;HRV_17_DTS_0640_NoJabuka
2024;Jun;297;4.585858586;17.95835017;HRV_17_DTS_0640_NoJabuka
2024;Jul;298;5.375838926;22.14513423;HRV_17_DTS_0640_NoJabuka
2024;Aug;298;5.406040268;19.48610738;HRV_17_DTS_0640_NoJabuka
2024;Sep;242;3.012396694;21.13549587;HRV_17_DTS_0640_NoJabuka
2024;Oct;293;4.457337884;16.51576792;HRV_17_DTS_0640_NoJabuka
2024;Nov;324;4.37962963;19.15716049;HRV_17_DTS_0640_NoJabuka
2024;Dec;306;4.009803922;19.40911765;HRV_17_DTS_0640_NoJabuka
